insert into admin (name, firstname, email, password, creationDate) values ('Llewellyn', 'Laurette', 'lllewellyn0@bloomberg.com', 'Ly2vBFVxiKHZ', '2021-10-24 18:11:35');
insert into admin (name, firstname, email, password, creationDate) values ('Bousquet', 'Willamina', 'wbousquet1@over-blog.com', 'QJIs1i8GWYIi', '2021-11-10 10:42:38');
insert into admin (name, firstname, email, password, creationDate) values ('Lorence', 'Richmound', 'rlorence2@trellian.com', 'JFufiEpx', '2021-06-22 13:14:13');
insert into admin (name, firstname, email, password, creationDate) values ('Davis', 'Melany', 'mdavis3@nps.gov', 'owc1P8y8Wdf', '2021-10-03 22:26:35');

insert into nationality (name) values ('Ukraine');
insert into nationality (name) values ('North Korea');
insert into nationality (name) values ('France');
insert into nationality (name) values ('Russia');
insert into nationality (name) values ('China');
insert into nationality (name) values ('Philippines');
insert into nationality (name) values ('United States');
insert into nationality (name) values ('Brazil');
insert into nationality (name) values ('Turkey');
insert into nationality (name) values ('Indonesia');
insert into nationality (name) values ('Poland');
insert into nationality (name) values ('Malaysia');
insert into nationality (name) values ('South Korea');
insert into nationality (name) values ('Germany');
insert into nationality (name) values ('Austria');
insert into nationality (name) values ('United Kingdom');
insert into nationality (name) values ('Syria');

insert into country (name) values ('Ukraine');
insert into country (name) values ('North Korea');
insert into country (name) values ('France');
insert into country (name) values ('Russia');
insert into country (name) values ('China');
insert into country (name) values ('Philippines');
insert into country (name) values ('United States');
insert into country (name) values ('Brazil');
insert into country (name) values ('Turkey');
insert into country (name) values ('Indonesia');
insert into country (name) values ('Poland');
insert into country (name) values ('Malaysia');
insert into country (name) values ('South Korea');
insert into country (name) values ('Germany');
insert into country (name) values ('Austria');
insert into country (name) values ('United Kingdom');
insert into country (name) values ('Syria');

insert into agent (name, firstname, date_of_birth, authentificationCode, nationality_id) values ('Baiano', 'Junior', '1990-09-03 21:58:52', 'UPYHL8', 8);
insert into agent (name, firstname, date_of_birth, authentificationCode, nationality_id) values ('Wunderbach', 'Thomas', '1981-10-20 22:21:28', 'IVUZ7C', 14);
insert into agent (name, firstname, date_of_birth, authentificationCode, nationality_id) values ('Bergié', 'Jacques', '1976-10-17 04:23:30', '4APS2L', 3);
insert into agent (name, firstname, date_of_birth, authentificationCode, nationality_id) values ('Orlov', 'Yuri', '1991-02-16 21:15:04', '4G73MM', 4);
insert into agent (name, firstname, date_of_birth, authentificationCode, nationality_id) values ('Li', 'Hyu Fei', '1999-05-21 14:18:45', 'IJN3I0', 5);
insert into agent (name, firstname, date_of_birth, authentificationCode, nationality_id) values ('Sawbridge', 'Damon', '1973-04-28 02:08:07', '1V7Z41', 16);

insert into contact (name, firstname, date_of_birth, codeName, nationality_id) values ('Sakinova', 'Olga', '1971-08-05 19:00:49', 'Sophronia', 1);
insert into contact (name, firstname, date_of_birth, codeName, nationality_id) values ('Li', 'Eun Jung', '1968-08-22 22:27:30', 'Sabra', 2);
insert into contact (name, firstname, date_of_birth, codeName, nationality_id) values ('Vretio', 'Monique', '1958-02-07 01:31:32', 'Rosaline', 3);
insert into contact (name, firstname, date_of_birth, codeName, nationality_id) values ('Nokavina', 'Irina', '1973-10-03 14:45:07', 'Winni', 4);
insert into contact (name, firstname, date_of_birth, codeName, nationality_id) values ('Wyu', 'Pei Pei', '1975-09-30 14:54:08', 'Clarisse', 5);
insert into contact (name, firstname, date_of_birth, codeName, nationality_id) values ('Berth', 'Forbes', '1988-08-15 19:17:36', 'Mae', 6);
insert into contact (name, firstname, date_of_birth, codeName, nationality_id) values ('Dow', 'Tann', '1997-04-17 06:13:46', 'Sibeal', 7);
insert into contact (name, firstname, date_of_birth, codeName, nationality_id) values ('Rodrigues', 'Felina', '1994-08-20 01:36:19', 'Dredi', 8);
insert into contact (name, firstname, date_of_birth, codeName, nationality_id) values ('Bulut', 'Derya', '1965-06-20 08:58:04', 'Steffie', 9);
insert into contact (name, firstname, date_of_birth, codeName, nationality_id) values ('Nabarro', 'Aya', '1970-05-13 00:11:33', 'Lib', 10);
insert into contact (name, firstname, date_of_birth, codeName, nationality_id) values ('Trichowski', 'Zvetlana', '1993-03-17 21:23:31', 'Marsiella', 11);
insert into contact (name, firstname, date_of_birth, codeName, nationality_id) values ('Sabri Yakoob', 'Soumia', '1987-05-31 02:06:34', 'Carissa', 12);
insert into contact (name, firstname, date_of_birth, codeName, nationality_id) values ('Jun', 'Ji Hyun', '1967-03-10 23:55:52', 'Sophey', 13);
insert into contact (name, firstname, date_of_birth, codeName, nationality_id) values ('Shiffer', 'Claudia', '1962-08-15 21:44:59', 'Marrilee', 14);
insert into contact (name, firstname, date_of_birth, codeName, nationality_id) values ('Baumgartner', 'Uve', '1963-12-02 21:01:00', 'Doloritas', 15);
insert into contact (name, firstname, date_of_birth, codeName, nationality_id) values ('Wan Bissaka', 'Ashley', '1991-06-16 08:54:24', 'Melinda', 16);

insert into skill (speciality) values ('sniper');
insert into skill (speciality) values ('poison');
insert into skill (speciality) values ('explosive');
insert into skill (speciality) values ('information');
insert into skill (speciality) values ('spinning');
insert into skill (speciality) values ('corupt');
insert into skill (speciality) values ('thief');
insert into skill (speciality) values ('assassination');
insert into skill (speciality) values ('seduction');
insert into skill (speciality) values ('hacker');
insert into skill (speciality) values ('psychology');
insert into skill (speciality) values ('infiltration');

insert into status (conditions) values ('beginning');
insert into status (conditions) values ('in progress');
insert into status (conditions) values ('completed');

insert into type (name) values ('murder a known man');
insert into type (name) values ('collection of information');
insert into type (name) values ('bribe a politician');
insert into type (name) values ('blow up a factory');
insert into type (name) values ('rob a lab');
insert into type (name) values ('steal a chemical component');
insert into type (name) values ('follow a political opponent');
insert into type (name) values ('make a political opponent disappear');
insert into type (name) values ('destroy evidence');
insert into type (name) values ('infiltrate a terrorist group');
insert into type (name) values ('help a political opponent');
insert into type (name) values ('operate under false flags');